PTID,CT,CXCL13 (BCA1) - Good,CCL5 (RANTES) - Good,CXCL9 - Good,CXCL10 (IP-10) - Good,CXCL11 - Good
3-055,CT+,8.554927356,12.27435796,14.21955915,12.903612,8.941849276
3-063,CT+,5.430767385,6.021655956,9.765751415,9.722698275,4.971488849
3-105,CT+,7.217115122,9.168541181,11.44310269,9.822656651,5.82049352
3-119,CT+,4.497652594,7.507920696,NA,12.19361809,NA
3-201,CT+,6.130120095,8.920851326,10.61627471,9.930843587,5.983945824
3-205,CT+,4.024970343,8.850668533,10.97922225,10.94360284,7.155588432
3-217,CT+,5.572606505,10.62610371,11.9008961,10.61715244,6.678080228
3-218,CT+,6.040375898,10.45399879,14.56109435,12.45833108,8.841873715
3-228,CT+,6.138270041,6.154833597,12.27690893,11.80732633,8.337390098
3-229,CT+,9.19953888,11.41304304,13.82173871,12.18175685,8.344992142
3-231,CT+,6.761056231,7.79267899,11.21239079,10.34363707,6.660833756
,CT+,6.745552363,11.94588617,15.32481592,13.275818963710648,9.103755095
,CT+,3.713332974,7.794462512,10.54754687,9.910941881,6.420202292
,CT+,NA,7.321664891,NA,9.877784333,NA
,CT-,6.041697938,10.6538523,11.84191746,9.732382441,6.333107429
,CT+,5.567493802,10.07438754,14.0714343,11.66198389,8.484058483
,CT+,9.367452731,12.06839312,14.319978710000001,12.55691468,9.39719231
,CT+,6.209079432,10.15461884,11.84023785,10.72571165,7.391491012
,CT+,NA,8.549546102,NA,12.20834768,NA
,CT-,3.473706649,8.746480075,8.462894653,7.578295449,4.258695475
,CT-,3.439387063,9.765857255,NA,9.43583194,NA
,CT+,5.185324805,9.133983797,11.7813605,10.74035037,8.29162182
,CT+,NA,11.6741915,NA,12.30227683,NA
,CT+,5.449646309,9.140384034,11.05452728,9.051047222,6.079710429
,CT+,5.637507664,7.739106565,11.96529886,10.47429201,6.382231964
,CT+,3.707292524,7.7018937,10.89114443,10.13668522,6.004634391
,CT+,7.316535485,10.75370107,12.91630005,11.03199832,7.853898682
,CT-,5.055103364,7.716184515,10.26998994,9.657819368,5.153617342
,CT+,8.413245056,10.67586623,14.43571815,11.97689021,9.638009729
,CT+,4.691850089,7.348119335,11.39001215,11.26377098,6.887975073
,CT-,2.460608774,7.169160009,10.16608539,11.25880696,6.516400571
,CT-,3.274586069,6.195812169,9.738781987,10.20350117,5.678152513
,CT+,5.083459973,8.561212631,10.34878687,9.040386485,6.030199833
,CT+,7.107027924,11.70333454,12.45807889,10.79287749,8.872600933
,CT+,6.577823259,8.507202871,11.81755757,10.37754043,6.964648318
,CT+,9.96094314282746,12.2781657,14.39715793,12.00605859,8.404636654
,CT+,7.216722467,8.320537822,11.32057038,11.18341178,6.603274513
,CT+,4.848197876,7.505877127,10.00484762,9.058935676,5.328312043
,CT+,5.461656817,7.381192022,14.45332634,12.77318841,8.299065267
,CT-,3.389578658,5.435718126,8.675581744,8.536029339,5.221162719
,CT+,4.478682542,5.811362053,12.39384671,10.82076815,6.127531527
,CT+,6.774488599,9.387788794,13.68656828,11.7079738,7.613205089
,CT+,3.331959249,9.817794037,10.62369433,10.26718143,5.252875909
,CT+,2.252909032,8.865374533,10.12134299,9.925036007,6.616767142
,CT+,7.189354928,7.146050383,11.17214954,9.902188336,5.956448134
,CT-,3.893887891,9.157181019,10.72404148,9.805522341,5.489047075
,CT+,5.089692471,7.065900869,11.60232505,10.31844068,6.004634391
,CT-,2.884365304,6.021407327,8.904475361,9.245978386,3.546938575
,CT-,2.791346881,7.709558626,10.221344,9.660740351,5.515737114
,CT+,5.826193783,5.943262931,12.53408511,13.02813746,8.322687242
,CT+,2.824957633,5.727064282,NA,10.11466503,NA
,CT+,2.004545585,4.944868198,7.458631978,7.883983737,3.382508191
,CT+,3.758523314,6.01025984,10.1921436,8.643673054,4.18609096
,CT+,7.16093818,11.788342,11.33699607,9.950603407,5.467115189
,CT-,3.012281894,7.520032626,8.439770324,7.53809322,3.926945701
,CT+,7.269299995,10.58744835,12.04182014,10.58477903,7.192795724
,CT+,3.156252654,11.07054052,12.07613486,11.42156268,8.247266611
,CT-,2.824957633,9.866534158,10.03007706,8.863779631,4.903092703
,CT-,8.417260018,10.47862341,12.15615401,13.15285936,10.52079807
,CT-,5.591974993,8.482742402,12.50809404,9.959811588,6.94030782
,CT+,4.83352567,9.582052245,13.90839571,13.15285936,8.256537934
,CT+,2.270534236,12.29139717,11.20400401,9.280402513,6.030199833
,CT+,5.572898595,9.026852786,12.77141586,11.00898994,7.187499426
,CT-,3.36267406,7.711455146,11.06828161,9.982943666,6.505246626
,CT-,3.54636093,6.894833439,8.350962917,7.922077332,4.591739304
,CT+,5.569426143,8.914472073,13.00601935,13.275818963710648,8.429767838
,CT+,5.640523969,8.290062911,12.08735973,12.44200427,9.130097959
,CT+,6.563880261,11.83983961,12.28756403,10.47838429,7.313204671
,CT+,4.149765529,12.25252429,13.84968689,13.275818963710648,10.96483900979898
,CT+,6.400974821,9.124107464,10.48103187,10.48878941,6.009295762
,CT+,4.686096422,9.247005454,11.88494454,10.03128476,7.199532004
,CT+,5.119361975,5.436879953,14.19865092,12.64760238,8.041521129
,CT+,4.993096515,12.32696535,13.89315209,12.50513959,8.525093124
,CT+,5.440984736,9.725032028,12.66601203,10.61703683,6.706142358
,CT-,7.288335758,8.972431746,12.88222364,11.28340818,6.882935336
,CT+,6.225870225,12.23336139,11.36283371,10.72558742,8.803260167
,CT+,3.96843265,6.637773993,10.28947794,9.804948573,4.955154806
,CT-,4.624979763,6.66207088,NA,9.439861245,NA
,CT-,3.458665158,11.71603731,10.09966358,8.444479285,5.640768095
,CT+,7.876482338,9.471429885,13.57260149,11.90433273,8.43221879
,CT-,3.718149271,7.098563144,8.663695814,9.37377256,5.188817227
,CT-,7.318631957,9.114600448,13.14520495,12.78566676,8.784656645
,CT-,2.943647333,8.626892315,10.7788533,10.4304361,6.156632205
,CT-,1.959384388,6.614105273,9.790040077,9.680967312,5.228234968
,CT+,3.426328694,7.675663261,10.62343887,9.997274093,5.782947877
,CT+,6.674550792,10.42623895,12.22794344,10.94254366,7.300336292
,CT+,5.452553508,7.461302946,10.45287779,8.653720183,4.774676021
,CT+,5.921589803,8.751940431,11.55525693,10.87703814,6.088715177
,CT+,5.011346253,9.894258106,13.6007468,13.03929362,10.52079807
,CT+,6.393881729,9.567655223,12.11373772,10.05619725,6.519240172
,CT-,5.374889274,8.895947694,10.77261421,9.47454528,5.644702979
,CT-,4.396724345,7.804534201,8.47829774,8.092648769,3.232368705
,CT-,4.191135388,6.982053487,9.868531348,8.620798036,3.956398298
,CT+,6.581356806,11.59564448,12.98658048,11.22757546,6.188551789
,CT+,5.345727964,6.702604279,12.14421311,11.10286193,7.075064943
,CT+,4.660451934,9.536414813,10.09080543,7.937690932,4.3574835
,CT-,-0.208096264,4.808799565,7.399506889,7.504584617,2.136307016
,CT+,7.399893961,9.468370883,12.30892642,10.00717098,6.171456968
,CT+,4.09697584,7.460043085,10.65911412,11.09371556,6.359555382
,CT+,3.163570764,7.359525029,10.81750113,9.697088419,5.283618289
,CT-,2.46036345,5.009244178,6.089953126,6.095059989,1.271265262
,CT-,4.043140436,4.321122689,7.058608646,7.13423512,3.699928206
,CT+,5.385637661,12.14304976,11.87660271,10.2798452,9.895813798
,CT+,5.026941864,6.74161971,9.346706772,10.45800298,5.549862293
,CT-,2.316623964,5.279095355,8.124747392,8.618000411,4.308217529
,CT-,1.617475046,6.583096446,8.072730168,7.845709328,3.526050133
,CT+,4.957298267,9.54043298,12.30640663,11.04098846,7.517211221
,CT-,4.789220624,8.451247199,11.14212957,7.994451714,3.699928206
,CT+,6.962193449,9.174165204,11.73687175,10.7185143,7.061781251
,CT+,4.359022872,6.828037863,10.12709168,9.563136574,4.070571184
,CT+,4.839798463,8.391384744,11.86619118,9.584099541,6.220722505
,CT+,8.664618225,11.7835553,14.34136454,13.15285936,10.16424948
,CT-,4.780364348,11.8753566,11.14863312,10.22219697,6.936700276
,CT+,4.576721174,10.6973916,14.11192433,12.25780631,9.080526579
,CT+,7.808140585,7.958449634,13.75014573,12.89490684,8.754679282
,CT+,4.147919192,8.043284284,10.64877414,9.370967809,5.467115189
,CT-,2.514045997,11.23002114,8.102284337,7.120343372,6.531440992
,CT+,7.401989311,11.90389699,14.89693715,13.15285936,9.56800179
,CT+,7.346193903,9.341824052,13.14430391,11.11889645,7.844148932
,CT+,8.032410522,9.443382843,13.41957932,11.40200819,8.378556701
,CT-,2.156514693,9.071009151,9.981277522,10.2306703,4.955754153
,CT+,4.338599243,8.197794302,NA,9.081829449,NA
,CT+,5.639728803,6.908699362,13.23307711,11.36721552,7.206763111
,CT-,NA,3.201566981,NA,8.481091329,NA
,CT-,3.998066277,6.984379525,8.398679507,7.677789883,3.517685547
,CT+,3.472036675,12.28143457,9.122006225,7.688730455,4.419896433
,CT+,4.126010666,6.54901601,10.76090599,10.79436868,7.325994924
,CT+,8.187572236,10.34441967,12.43178994,11.71671677,7.842418979
,CT+,4.106389068,7.575015317,11.55734257,10.61605812,5.038651461
,CT-,4.405626443,8.762782152,14.05493325,12.72067511,8.686455034
,CT+,8.064776758,8.157111464,NA,11.02204429,NA
,CT+,5.958505551,7.836028629,12.88513026,10.45591654,6.474029226
,CT-,3.812737598,6.102012462,9.441405003,9.770304286,5.121315017
,CT-,4.328746176,6.755243803,11.25277526,10.42773931,5.286636539
,CT+,2.422705664,6.537439932,11.86160792,13.275818963710648,9.167369898
,CT+,4.813901334,7.551463142,NA,11.41283059,NA
,CT+,5.811371631,10.92936552,14.73694209,13.22368935,9.987834884
,CT+,5.23715453,12.20627262,12.35262177,10.20048653,6.701235435
,CT+,6.346959665,8.321498182,11.18290132,9.875855438,6.136988199
,CT+,6.960165637,10.01239579,NA,12.50513959,NA
,CT+,0.99649047,7.258504945,9.567818289,10.35161463,5.519792186
,CT-,4.125015358,7.060908762,8.447566017,7.784039767,3.006180478
,CT+,5.762131532,9.256497581,11.60783557,11.09160994,7.233516025
,CT+,5.180050033,4.593962878,9.515228017,8.659828056,4.295596831
,CT-,0.529599819,4.717269317,7.872665043,6.647636201,2.808659831
,CT-,4.396724345,9.199368555,11.69719115,10.08792917,5.385479474
,CT+,9.688173112,10.47058861,NA,12.50513959,NA
,CT+,7.514651093,12.46382954,11.80442777,10.77774988,7.351214012
,CT-,3.552511912,7.314062523,8.928202842,8.143597592,2.963603946
,CT-,2.62377639,9.224828924,9.09483176,8.831998376,4.642010011
,CT+,3.113650615,5.509278609,NA,8.461313319,NA
,CT+,8.584837075,7.67120073,11.83076872,11.29772915,7.423666967
,CT-,4.372760432,10.44018874,11.07320966,9.966269956,5.467115189
,CT-,5.269169027,8.491589435,11.0518148,9.454331096,4.616471303
,CT+,3.41079659,7.161008903,NA,10.16453807,NA
,CT-,4.005139241,12.04109524,7.713995248,7.790110619,7.77715127
,CT-,2.945054838,7.796170271,10.01864718,9.270516624,4.51039143
,CT+,NA,8.610567213,12.49293948,11.02223414,7.471179457
,CT+,3.474009093,6.668052921,9.203815746,8.278644759,4.737939367
,CT+,3.073113706,5.716093947,10.14029738,9.40153288,5.034125532
,CT+,5.990081353,8.576965803,NA,9.566631784,NA
,CT-,2.80320248,9.425353825,10.57889707,9.09419835,6.185392183
,CT-,6.743109942,4.745274426,12.06788893,12.17453617,8.506558087
,CT+,5.02732939,6.317454054,11.19808356,10.44082399,5.539826003
,CT-,4.128318975,8.206927924,8.546698693,7.681381308,3.8455901
,CT-,3.13287354,6.621331812,9.274735388,9.795195245,4.222137502
,CT-,0.529599819,7.371665604,7.823726169,7.043031029,3.633001826
,CT+,6.549138614,11.29587669,12.70014061,11.42574402,7.297762357
,CT-,3.145830242,11.03611127,NA,9.810363392,NA
,CT+,7.118336115,10.1236392,12.84621146,13.275818963710648,9.53815255
,CT+,6.167629183,7.280810616,12.27368904,11.59025098,5.842205219
,CT+,4.849241027,11.0526858,12.2634391,10.35520555,8.258479152
,CT+,6.840620563,9.177887227,13.79234205,11.46238106,7.038112086
,CT+,5.54963738,7.769705119,12.16924025,9.895918962,5.624411653
,CT+,3.833989388,5.754329815,9.893620249,9.319800329,5.693745212
,CT+,4.576337955,9.065176413,11.36575036,9.98810032,5.280276624
,CT+,6.418873268,11.14271895,12.8411763,11.36382814,8.223844297
,CT+,6.348167062,9.992262179,NA,8.975865343,NA
,CT+,4.568913149,9.676903028,14.65986106,12.98926205,7.891033699
,CT+,3.470951981,7.769027379,13.10808837,11.69629352,7.763904556
,CT+,5.615088543,7.594600399,10.29477658,9.474838973,4.946791033
,CT+,4.864410998,4.843033421,9.716050384,8.764399216,4.054290224
,CT+,2.13913225,4.272675631,8.702631473,8.060963054,3.487304233
,CT+,3.978679596,5.140463594,9.579510777,9.259121905,6.100908264
,CT-,3.824055249,8.938293629,10.63166918,9.626614879,5.365719713
,CT+,6.678122902,9.429208235,12.78509662,10.68883097,7.360942408
,CT-,4.257749273,4.549599056,12.162692850000001,10.33169861,6.261079893
,CT+,2.720472771,3.186537119,10.00182341,10.06648885,5.801849344
,CT+,4.638242773,8.986525644,12.05572254,10.80356429,7.358376771
,CT+,3.426328694,11.99398981,12.41217199,10.55342161,7.922134067
,CT+,4.076187316,11.7045318,10.8002416,9.039722931,6.692771588
,CT+,7.345862859,5.929441016,12.43919962,11.96019,6.364798086
,CT+,4.136739911,5.389525926,10.28292194,9.789334084,4.826823922
,CT+,3.85709492,7.105892372,11.14130397,9.73530955,5.501792601
,CT-,4.647590812,11.87964618,10.00575328,8.926109106,7.173571494
,CT+,NA,11.32765235,12.55343015,11.14099935,7.168861953
,CT+,4.968106015,8.128339423,10.55138215,8.547117528,4.588196949
,CT+,5.907869092,7.100275943,11.15431982,11.09437775,7.357339347
,CT+,8.864754421,11.80515727,14.97359175,12.95329924,9.279001693
,CT+,4.123473224,7.067079559,9.746583639,9.150958896,4.323498892
,CT-,5.151772786,8.744592002,10.62837458,10.15592932,6.170816045
,CT+,3.912685236,11.7153324,10.71736945,10.03666261,7.34020505
,CT+,6.153169926,10.2829138,14.93519273,12.27857884,9.352065432
,CT-,2.649451181,8.353773145,8.810099912,8.5294821,4.830557074
,CT-,4.144220233,10.416197500000001,9.187508022,8.477419663,4.852469062
,CT-,4.597484766,9.968764523,9.599777039,9.44333182,5.354233156
,CT+,4.739900956,8.231295249,12.09923085,12.10959796,7.894171559
,CT+,7.392889651,9.460873083,11.95922151,11.14251857,7.106983874
,CT+,3.972580037,11.27652555,11.77317378,9.884406503,8.497892159
,CT+,NA,10.69772114,14.00745909,12.69187517,8.864282548
,CT+,8.080285518,12.18883861,14.0440323,12.50513959,8.84671719
,CT+,6.936012416,10.19882669,12.84602435,12.3886791,8.937392175
,CT-,5.49939651,8.705062758,11.59811876,10.9849727,7.392099608
,CT-,2.275146475,10.50341774,7.434404151,7.425905418,3.071848183
,CT+,6.722343128,8.058419932,14.02269073,12.44925918,9.511545092
,CT-,2.005471003,5.8880247,6.747455185,7.79763815,3.229384728
,CT+,8.326931022,8.620240742,11.43535408,10.21445793,6.356129029
,CT+,5.985146004,12.27900965,12.08729899,10.7432697,6.928763176
,CT+,4.948389975,8.3937736,10.05543272,9.80320876,5.167194055
,CT+,6.470018678,5.56829949,NA,12.65555556,NA
,CT+,1.538235513,6.586065929,9.292320202,8.729310789,4.612199974
,CT+,5.934728745,8.059025617,NA,11.05946105,NA
,CT+,4.220122878,6.438524176,8.38389931,8.257114192,3.121109879
,CT+,6.398904904,10.4175049,11.4110823,9.933803062,6.21817861
,CT-,1.77245882,6.851178597,7.595187936,8.248812227,3.782900224
,CT-,3.264745012,5.35297158,10.04588739,8.318630652,4.138985804
,CT+,6.292089757,8.771633717,11.23807481,9.957060002,5.875664472
,CT-,2.401001079,5.348052287,9.739849828,8.614999635,3.873718591
,CT-,3.808023816,7.140188276,8.438715453,8.84155128,3.851263088
,CT-,2.588515085,5.635554079,8.918061551,8.934757234,4.126669678
,CT-,4.094020842,12.47168957,11.92743566,10.30591939,7.636941815
,CT+,5.873884314,11.80201169,11.37829442,10.81081588,7.36908419
,CT+,5.913510921,9.788882633,11.94077484,9.671898537,5.583327138
,CT+,4.289774197,11.39300667,8.967249871,7.930197266,5.562178926
,CT+,5.435318253,8.937536065,12.29647004,12.76647193,8.24948317
,CT-,6.303422204,9.743631901,12.5141945,10.97058286,7.199036043
,CT-,3.31451651,6.883520646,7.176980102,7.431725881,3.37022645
,CT+,8.237336217,9.266427141,12.03184596,11.51269305,8.293914776
,CT-,6.838592587,9.041234686,14.51997173,13.275818963710648,7.970156703
,CT+,4.124336679,7.23746102,10.71906041,9.382015151,5.295660997
,CT-,2.334113825,6.520754785,7.212215166,6.441025504,2.084750103
,CT-,2.611393669,5.671945049,8.72337467,7.911360008,2.678517061
,CT-,4.961548318,10.54317831,9.040976514,7.496438067,4.757580331
,CT+,5.244326399,11.11314881,14.06394062,13.15285936,10.52079807
